/* To Do:
    Parameterzie query and input from
    powershell command line from
    seeding json file
*/
Use SolarEdge;

-- Seed Production Baseline
TRUNCATE TABLE  ProductionBaseline;
INSERT INTO ProductionBaseline
VALUES
    ('01-01-2017', '990'),
    ('01-02-2017', '863'),
    ('01-03-2017', '745'),
    ('01-04-2017', '601'),
    ('01-05-2017', '444'),
    ('01-06-2017', '375'),
    ('01-07-2017', '427'),
    ('01-08-2017', '579'),
    ('01-09-2017', '733'),
    ('01-10-2017', '863'),
    ('01-11-2017', '954'),
    ('01-12-2017', '1010')
;

-- Seed Tarrif table
TRUNCATE TABLE  Tarrif;
INSERT INTO Tarrif
VALUES
    ('00:00:00', '0', 'Off-Peak'),
    ('00:15:00', '0', 'Off-Peak'),
    ('00:30:00', '0', 'Off-Peak'),
    ('00:45:00', '0', 'Off-Peak'),

    ('01:00:00', '0', 'Off-Peak'),
    ('01:15:00', '0', 'Off-Peak'),
    ('01:30:00', '0', 'Off-Peak'),
    ('01:45:00', '0', 'Off-Peak'),

    ('02:00:00', '0', 'Off-Peak'),
    ('02:15:00', '0', 'Off-Peak'),
    ('02:30:00', '0', 'Off-Peak'),
    ('02:45:00', '0', 'Off-Peak'),

    ('03:00:00', '0', 'Off-Peak'),
    ('03:15:00', '0', 'Off-Peak'),
    ('03:30:00', '0', 'Off-Peak'),
    ('03:45:00', '0', 'Off-Peak'),

    ('04:00:00', '0', 'Off-Peak'),
    ('04:15:00', '0', 'Off-Peak'),
    ('04:30:00', '0', 'Off-Peak'),
    ('04:45:00', '0', 'Off-Peak'),

    ('05:00:00', '0', 'Off-Peak'),
    ('05:15:00', '0', 'Off-Peak'),
    ('05:30:00', '0', 'Off-Peak'),
    ('05:45:00', '0', 'Off-Peak'),

    ('06:00:00', '0', 'Off-Peak'),
    ('06:15:00', '0', 'Off-Peak'),
    ('06:30:00', '0', 'Off-Peak'),
    ('06:45:00', '0', 'Off-Peak'),

    ('07:00:00', '0', 'Shoulder'),
    ('07:15:00', '0', 'Shoulder'),
    ('07:30:00', '0', 'Shoulder'),
    ('07:45:00', '0', 'Shoulder'),

    ('08:00:00', '0', 'Shoulder'),
    ('08:15:00', '0', 'Shoulder'),
    ('08:30:00', '0', 'Shoulder'),
    ('08:45:00', '0', 'Shoulder'),

    ('09:00:00', '0', 'Shoulder'),
    ('09:15:00', '0', 'Shoulder'),
    ('09:30:00', '0', 'Shoulder'),
    ('09:45:00', '0', 'Shoulder'),

    ('10:00:00', '0', 'Shoulder'),
    ('10:15:00', '0', 'Shoulder'),
    ('10:30:00', '0', 'Shoulder'),
    ('10:45:00', '0', 'Shoulder'),

    ('11:00:00', '0', 'Shoulder'),
    ('11:15:00', '0', 'Shoulder'),
    ('11:30:00', '0', 'Shoulder'),
    ('11:45:00', '0', 'Shoulder'),

    ('12:00:00', '0', 'Shoulder'),
    ('12:15:00', '0', 'Shoulder'),
    ('12:30:00', '0', 'Shoulder'),
    ('12:45:00', '0', 'Shoulder'),

    ('13:00:00', '0', 'Shoulder'),
    ('13:15:00', '0', 'Shoulder'),
    ('13:30:00', '0', 'Shoulder'),
    ('13:45:00', '0', 'Shoulder'),

    ('14:00:00', '0', 'Peak'),
    ('14:15:00', '0', 'Peak'),
    ('14:30:00', '0', 'Peak'),
    ('14:45:00', '0', 'Peak'),

    ('15:00:00', '0', 'Peak'),
    ('15:15:00', '0', 'Peak'),
    ('15:30:00', '0', 'Peak'),
    ('15:45:00', '0', 'Peak'),

    ('16:00:00', '0', 'Peak'),
    ('16:15:00', '0', 'Peak'),
    ('16:30:00', '0', 'Peak'),
    ('16:45:00', '0', 'Peak'),

    ('17:00:00', '0', 'Peak'),
    ('17:15:00', '0', 'Peak'),
    ('17:30:00', '0', 'Peak'),
    ('17:45:00', '0', 'Peak'),

    ('18:00:00', '0', 'Peak'),
    ('18:15:00', '0', 'Peak'),
    ('18:30:00', '0', 'Peak'),
    ('18:45:00', '0', 'Peak'),

    ('19:00:00', '0', 'Peak'),
    ('19:15:00', '0', 'Peak'),
    ('19:30:00', '0', 'Peak'),
    ('19:45:00', '0', 'Peak'),

    ('20:00:00', '0', 'Shoulder'),
    ('20:15:00', '0', 'Shoulder'),
    ('20:30:00', '0', 'Shoulder'),
    ('20:45:00', '0', 'Shoulder'),

    ('21:00:00', '0', 'Shoulder'),
    ('21:15:00', '0', 'Shoulder'),
    ('21:30:00', '0', 'Shoulder'),
    ('21:45:00', '0', 'Shoulder'),

    ('22:00:00', '0', 'Off-Peak'),
    ('22:15:00', '0', 'Off-Peak'),
    ('22:30:00', '0', 'Off-Peak'),
    ('22:45:00', '0', 'Off-Peak'),

    ('23:00:00', '0', 'Off-Peak'),
    ('23:15:00', '0', 'Off-Peak'),
    ('23:30:00', '0', 'Off-Peak'),
    ('23:45:00', '0', 'Off-Peak'),

    ('00:00:00', '1', 'Off-Peak'),
    ('00:15:00', '1', 'Off-Peak'),
    ('00:30:00', '1', 'Off-Peak'),
    ('00:45:00', '1', 'Off-Peak'),

    ('01:00:00', '1', 'Off-Peak'),
    ('01:15:00', '1', 'Off-Peak'),
    ('01:30:00', '1', 'Off-Peak'),
    ('01:45:00', '1', 'Off-Peak'),

    ('02:00:00', '1', 'Off-Peak'),
    ('02:15:00', '1', 'Off-Peak'),
    ('02:30:00', '1', 'Off-Peak'),
    ('02:45:00', '1', 'Off-Peak'),

    ('03:00:00', '1', 'Off-Peak'),
    ('03:15:00', '1', 'Off-Peak'),
    ('03:30:00', '1', 'Off-Peak'),
    ('03:45:00', '1', 'Off-Peak'),

    ('04:00:00', '1', 'Off-Peak'),
    ('04:15:00', '1', 'Off-Peak'),
    ('04:30:00', '1', 'Off-Peak'),
    ('04:45:00', '1', 'Off-Peak'),

    ('05:00:00', '1', 'Off-Peak'),
    ('05:15:00', '1', 'Off-Peak'),
    ('05:30:00', '1', 'Off-Peak'),
    ('05:45:00', '1', 'Off-Peak'),

    ('06:00:00', '1', 'Off-Peak'),
    ('06:15:00', '1', 'Off-Peak'),
    ('06:30:00', '1', 'Off-Peak'),
    ('06:45:00', '1', 'Off-Peak'),

    ('07:00:00', '1', 'Shoulder'),
    ('07:15:00', '1', 'Shoulder'),
    ('07:30:00', '1', 'Shoulder'),
    ('07:45:00', '1', 'Shoulder'),

    ('08:00:00', '1', 'Shoulder'),
    ('08:15:00', '1', 'Shoulder'),
    ('08:30:00', '1', 'Shoulder'),
    ('08:45:00', '1', 'Shoulder'),

    ('09:00:00', '1', 'Shoulder'),
    ('09:15:00', '1', 'Shoulder'),
    ('09:30:00', '1', 'Shoulder'),
    ('09:45:00', '1', 'Shoulder'),

    ('10:00:00', '1', 'Shoulder'),
    ('10:15:00', '1', 'Shoulder'),
    ('10:30:00', '1', 'Shoulder'),
    ('10:45:00', '1', 'Shoulder'),

    ('11:00:00', '1', 'Shoulder'),
    ('11:15:00', '1', 'Shoulder'),
    ('11:30:00', '1', 'Shoulder'),
    ('11:45:00', '1', 'Shoulder'),

    ('12:00:00', '1', 'Shoulder'),
    ('12:15:00', '1', 'Shoulder'),
    ('12:30:00', '1', 'Shoulder'),
    ('12:45:00', '1', 'Shoulder'),

    ('13:00:00', '1', 'Shoulder'),
    ('13:15:00', '1', 'Shoulder'),
    ('13:30:00', '1', 'Shoulder'),
    ('13:45:00', '1', 'Shoulder'),

    ('14:00:00', '1', 'Shoulder'),
    ('14:15:00', '1', 'Shoulder'),
    ('14:30:00', '1', 'Shoulder'),
    ('14:45:00', '1', 'Shoulder'),

    ('15:00:00', '1', 'Shoulder'),
    ('15:15:00', '1', 'Shoulder'),
    ('15:30:00', '1', 'Shoulder'),
    ('15:45:00', '1', 'Shoulder'),

    ('16:00:00', '1', 'Shoulder'),
    ('16:15:00', '1', 'Shoulder'),
    ('16:30:00', '1', 'Shoulder'),
    ('16:45:00', '1', 'Shoulder'),

    ('17:00:00', '1', 'Shoulder'),
    ('17:15:00', '1', 'Shoulder'),
    ('17:30:00', '1', 'Shoulder'),
    ('17:45:00', '1', 'Shoulder'),

    ('18:00:00', '1', 'Shoulder'),
    ('18:15:00', '1', 'Shoulder'),
    ('18:30:00', '1', 'Shoulder'),
    ('18:45:00', '1', 'Shoulder'),

    ('19:00:00', '1', 'Shoulder'),
    ('19:15:00', '1', 'Shoulder'),
    ('19:30:00', '1', 'Shoulder'),
    ('19:45:00', '1', 'Shoulder'),

    ('20:00:00', '1', 'Shoulder'),
    ('20:15:00', '1', 'Shoulder'),
    ('20:30:00', '1', 'Shoulder'),
    ('20:45:00', '1', 'Shoulder'),

    ('21:00:00', '1', 'Shoulder'),
    ('21:15:00', '1', 'Shoulder'),
    ('21:30:00', '1', 'Shoulder'),
    ('21:45:00', '1', 'Shoulder'),

    ('22:00:00', '1', 'Off-Peak'),
    ('22:15:00', '1', 'Off-Peak'),
    ('22:30:00', '1', 'Off-Peak'),
    ('22:45:00', '1', 'Off-Peak'),

    ('23:00:00', '1', 'Off-Peak'),
    ('23:15:00', '1', 'Off-Peak'),
    ('23:30:00', '1', 'Off-Peak'),
    ('23:45:00', '1', 'Off-Peak')
;


-- Seed tarrif rates
TRUNCATE TABLE RateCard;
INSERT INTO RateCard
VALUES
    ('Peak', '0.6039'),
    ('Off-Peak', '0.16764'),
    ('Shoulder', '0.27456'),
    ('DailySupply', '1.0604');
